{
  "slug": "NonLinearInstruments",
  "name": "Non Linear Instruments",
  "author": "NonLinearInstruments",
  "license": "BSD 3-clause",
  "version": "0.5.1",
  "homepage": "https://github.com/NonLinearInstruments/NLNRI_VCVRackPlugins",
  "manual": "https://github.com/NonLinearInstruments/NLNRI_VCVRackPlugins/blob/master/README.md",
  "source": "https://github.com/NonLinearInstruments/NLNRI_VCVRackPlugins",
  "downloads": {
    "mac": {
      "download": "https://github.com/NonLinearInstruments/NLNRI_VCVRackPlugins/releases/download/0.5.1/NonLinearInstruments-0.5.1-mac.zip",
      "sha256": "a1151486477c70644210c5229cb15a29894065ba3495d8bf83a2541e3a3cdeb3"
    },
    "win": {
      "download": "https://github.com/NonLinearInstruments/NLNRI_VCVRackPlugins/releases/download/0.5.1/NonLinearInstruments-0.5.1-win.zip",
      "sha256": "fbec569b54d21dcd70cd64ac676ff7aa80c5e96806da25851a6ee8995ef78b3e"
    },
    "lin": {
      "download": "https://github.com/NonLinearInstruments/NLNRI_VCVRackPlugins/releases/download/0.5.1/NonLinearInstruments-0.5.1-lin.zip",
      "sha256": "fa6be52825bed83df002b431ebc8dd6f4cd799ef45c4e6808be02b998990e95a"
    }
  }
}